monoksadd,2bf953f9-781b-3824-bd72-35fd252b185f
bibizyan285,22c96559-c34e-374e-957a-76eeb798d0ba
igravkalmara,c4b41859-9566-3468-a7b5-786cb83af007
kolia337,9fc6ebf8-d188-37dc-aee5-b1c72afcff96
krutiechavachki,a731bb45-a1f7-39b1-bc36-7fe6f835dac0
posevok,9b0976b7-3a67-3f82-adb3-1cd6a6447cd0
week_fr0m,da935506-9fab-3fcd-8bc1-0c1d915637b4
zakosako,51c8c384-8bb8-318c-beda-a0e1640f6dc9
z1ldra,64d2b009-7147-3f5f-983f-8d27ce30227e
demont1x,73d74a94-04e2-3da4-bb9f-0ee3013677fa
shadow4ikkemp,f4e45568-a8cf-3fbf-b3db-9277620c4a3c
xdipx,a5239293-ea46-31ad-a1ca-a02771dc5c74
gornlorn,f0365884-438e-3c7e-87b1-b72117d26f99
squadgamego2,aed3bff0-2f07-38e1-b00e-2e6a7092c646
bebra_100,46afee52-e228-3d6a-9016-5839f2111c8c
polniraznos1234,b675aaba-0f64-3cec-8aca-40f21cd0db3b
mega_trotil_,84b65735-d2e4-3901-8239-c473a2630fa8
ckorostb17,4481e70d-58d9-3771-afb1-e140f0c9cd80
suckmyglock,7b385b6b-a585-35d9-8e44-d25e13a20272
aleksey342410,6551f0bf-8ef1-3693-b6e5-e1570723b207
wiorckxxotu,807aa3c1-dd37-36ec-ba14-97231bf20dbd
xxlazyxx,2f35e668-8bd8-3bd8-ab8b-00d5272938eb
to4no_borend53,e9c9f5c8-a33a-3574-b0cc-d19013a44174
hidd_n1,def60ad5-3a16-36be-8dfb-8f99bfdc39c1
dim4ikasd6a,721264a1-2da6-3a52-8c83-c2cf327186dd
kotlot,8f8dd396-c465-3f04-a812-27fd84cff648
gigachad243,632a3ff1-2c7c-38bf-93ef-c1947f2d01bd
babrolik,9e97d83f-a663-3223-a7f5-0680abe879b8
feernayyy,efc414c8-97a3-3097-a8b4-d5d7cb135436
zwergtimote,e1268f44-2073-3c25-bfdd-04c4cb9a35db
fgffdgdf,394e3c7e-2832-365e-9a8f-18c09d0db8f1
kot_debil_2,ae33d1f5-4508-3d69-bc59-108881568aea
kot_debil_1,4ec3d365-5ec0-397d-807e-bfa78ae7c8e1
wellmonde,55e73e33-2b4b-3d4b-8294-640345ba7734
___marfa__yt500,4a0aa2ef-45cf-3532-af8b-5b897aa8c2de
arbuz,32f651ca-e550-35ba-9ff9-4385c99f7461
_im_not_softers_,11da0760-1947-35d3-bb0d-2ec03a9a0123
laginatory,8e3bab15-7fbd-32a2-b27c-158f5409f3df
sirocheeeek,a89f6065-a711-334d-a6dc-d9a0fb69ef88
lolololok1212,949c2004-3b32-3246-9b03-d8c14f59eaed
chocoboy11yet,3d0df41a-0c59-3ea0-8a05-fae962332443
fixer,b799a48e-591e-3bd5-b5ff-a33f306990f0
__deer__,858d2976-f047-373d-a642-d6ffa744792a
groffii_,fc2b5cdd-11d2-3af9-96c0-691b50fefe8f
itach_yoppp,9e47d81e-2559-3c75-bd71-78d1b4cca915
dim4ik,d9d65ab9-8764-3b47-a240-00f6d6fe3db7
pixik_fiksik,d1697d05-bab3-333b-a048-93812ac60d52
squadgame3,fdcd8084-160c-3097-a85e-6d44e14dea24
romanuwu,2bb62cdf-2ba2-3633-84a9-ab201f7a3536
chocoboy131yet,88d1522b-4351-3ef9-83d4-4751ddf7d718
zorqq,7a723437-0110-3748-8c99-a7c18fd71d37
fronzes2,12485426-d782-3332-aa16-bd45f1e1eb8b
weeeflgt_fgg,c8eaef49-a5fc-3850-8a25-5e9c57a5248d
vamzad,95d8f679-60f7-3823-b530-3672725fc3e4
f0underr,33721019-1e56-33a7-a092-463565b8d0f4
to4no_formanuk,c1298ff4-4105-3677-a094-6eb5af616513
sextyn,55d161a5-eb83-3dd8-ad4b-332cca28868a
save_meee9,768c6e18-83a4-3022-91a9-0adc056466b7
fikaliesdaw,93efd01f-4936-3d42-9aad-f52d629bcd16
52525252525252,fb6be756-6fc2-3c53-88fa-61d356b57f1f
nowon_zxc,936561ff-8c30-3718-af64-88cb8c3855d8
nowon,1d034ce8-7eb2-32c2-a65f-834f127d89b2
ggsmil,7a8d75fe-147b-31cd-b0fc-0d3454136142
ttona,d21192ff-1997-335b-a725-c801f8c9f2ea
topsikokyt,9a60f66a-8b7b-3404-9e46-4b97bcc14cec
kadhfh,d7d11cf8-ab76-3b5a-a5f1-fbf6395812ad
x5zp,dda9ca89-1a13-348e-813d-8d7222bcd58b
aleksey34241,8ba43fb3-5bbb-3e3a-88f6-2818051488bf
floki_wintx,14e363fc-550f-300a-a297-5ecb27ff8664
wagner_ded,c000673d-61d9-3615-87a9-019c8ecb97cd
n1lfi_,363888ff-6d1c-3ca7-af61-e68e847f2b46
dimalplp,697f05a7-6c0b-317a-81b1-bf9bb5577d9a
tridcattribro,28224f20-2951-30de-913d-0b6571b2646a
saydagaa,b8900438-0091-3836-a562-e015da580188
aksqqmm,b50f5c59-39a5-3d59-b36c-443a65679376
yaprostosex,a5c188e5-1655-34c8-a7ef-dc54520f1968
astral7x,d7c9bebc-c4be-38d0-8f92-aff1ec36954b
_caxa____,e28d3765-593b-3bbb-9ad3-12cb9bd9a346
dragonmanchik,54082038-3525-325e-a3b3-421935dac9aa
fufugf20,1fecbfb2-c271-3a59-b239-0521c5a10bfe
arxses,3669c036-ed4d-37bd-9763-369b8d57d1ab
topsikpok556,d8180185-0abd-34e1-ad92-cfa7f66d9155
_caxapppp,82d93ff7-d594-3a1d-a7ce-e0d466e126de
to4no_borend,eb9285af-6628-36cd-a74a-187fc2f3ad33
hidden1,e7d38fce-0d91-3bf3-b6cc-490f8194f8bf
mega_trotil,76e3ec29-cee3-39ea-b1c5-0d669c7c6b4d
purple_lce,6fa3f5e9-e399-3edb-8c8b-1b5406aa45cc
psiblade,5d66a17f-dfc9-3010-af1e-2af71829ee8c
sandy5,ca280387-b308-3ed3-a8e5-37bc4b4a1ce5
mafitrick,ead62848-1bb0-3200-9e3e-6824dac2844e
itach_yopp,64a6e5d8-4d28-3f90-b189-36df686acb51
lirik66,66ce6f56-7f3e-3b99-9d22-4f7f71067c00
gjpkodf,5bb9ce6d-9425-3328-af15-be8236a8fbe0
squadgame10,b78818b1-4f3a-3723-885b-441df4572d4b
___shadow___,b5093edb-dc30-3b42-8dcc-e245be01f822
ikingshadow,62ce8801-3da9-32f2-b4f5-a980eec35bff
stasyaboom,29994ec4-0e67-3a27-a1be-01cd43181587
feernayyy_052,0594d9ae-453f-3da1-bf64-bb75c3a6ff52
vanbynek,dab3ca1e-de1f-3d00-8fe0-f18f503df191
hidden,3ce4a66a-7c4f-3447-98e7-97ea08eab1ed
vin_diesel,e75181c5-f6f7-370e-85b5-791da8718b8f
felicuss1331,4acc9ac5-8ec8-3618-a2be-b0dd95895f78
borend19,aa438bef-5247-3602-a133-01bf51924194
tort112,bd8f1853-c261-3f25-9607-ee5834950521
mukkuruu,bad1a003-5642-4311-b872-a8d8a83e1d00
pixel_fiksik,a56f2108-991b-3123-b1d1-7a646c7a8d31
yeetr,bc5e71e1-3c97-3e45-93c4-775f650c7f8c
nowon_onm,90e8d184-2600-3dd5-91a5-c7e43fb4782c
oioidd,e0117403-2f77-3fb9-b05b-799c4317ede4
lovepolina,6ce340c4-f4b0-3ebc-a522-1e4798eea054
kycai_zahui,0cd516a5-7010-307e-a8d5-1f52678c1243
pachemu1236zxc,1c62618a-6596-3c41-a28a-3b282be334ac
vingeroza2,5cf699e6-f795-307f-bc6c-de6e02fc139e
fixik_pixik,199edba2-51cd-3937-8bb3-aede6e2c00f5
slizinka,6580258f-7b2b-38b1-b81c-25236bad74c2
brottya,5676d4b8-ea41-33f6-94e7-7522bd6ff232
zxc_autism999,c6fd87a8-67f8-3e2f-8820-a2f8d0aa3fd7
empvova,20999a2c-9968-37b2-90d7-506917e3f8c3
nowon_onq,350dfb0b-05ab-3619-bf7d-b2ce267e302f
dostovskiy12,0d5f4edc-1b73-3513-bb45-b8a8061964f0
iiuonep,2766640a-4338-3869-969c-be699501768d
maksimka_001,9344e515-2723-362d-bb6d-f143341873b0
topsikok228,a338b4b3-6063-35e4-a6de-c77b2a3801af
iiuoner,79de2737-0365-376d-8d35-b75e500da99c
1wanttobankai,17a0d9ca-9fff-3952-baaa-fde41ee57b73
kycok_ob4arku,62597cbf-1f8f-38d9-8c1f-c708908e4a25
vburo,56e12af3-bd71-3f72-8c82-cf7cdac966df
makareo,9529c3a1-44bc-32c8-89e3-b3ed6cbf4e12
pvptamara_com66,3f623fbc-a93c-3441-8771-d9f3dff6acf4
taifunchik12,04a868d8-69cd-36b3-8c0d-8cede3be5ab3
to4no_borend1,eb2c2277-5bfd-3e52-8531-ed8978dc0339
to4no_borend2,414b271d-362e-3c21-92fc-c8a29521c7c9
milkoadwa3,8afab381-1b35-3f84-8fa9-f6818547f378
i1cebreaker,b0734e13-81d5-3ab6-aaef-1b2c92aa4174
polniraznos123,b843607f-078f-3753-9df9-ee7557b9c65c
glebasik1234567,883c7a15-377b-327e-b7d1-3aeb460658bc
herobrine,25966168-dc9c-360c-8f32-ed022bfa1070
mfticmcisupqs,d05f44b9-6366-3452-96b7-020c39c8545a
ivanzolo_pena,39a920e6-ffb0-3c1b-a3a5-fa3d48f8b2b2
to4no_borend5,4c080868-36fc-3649-aa89-f21385e4ffcc
wiorckxotu,47e364ba-915e-3e5e-a80b-2831fa5594ae
dim4ik6123a,95fdf8d0-db1a-36e1-a414-baec50cbaec4
xq4nax,c918639a-26e1-3d9f-958b-ebd054b0bd2f
fisstter,430c5d39-d695-32cb-b249-99591f309bcc
